Customer_ID,cluster,cluster_name,segment_enriched,R_score,F_score,M_score,R_days,F_orders,M_total_revenue
CUST-001000,0,Standard / Mid-Tier,Standard,3,4,4,53,27,4168.9
CUST-001001,0,Standard / Mid-Tier,Churned,1,2,2,283,6,389.13
CUST-001002,0,Standard / Mid-Tier,New,4,1,1,19,0,166.44
CUST-001003,0,Standard / Mid-Tier,Budget,4,2,2,25,7,524.71
CUST-001004,0,Standard / Mid-Tier,Standard,4,3,3,29,13,1835.18
CUST-001005,0,Standard / Mid-Tier,At-Risk,2,3,3,77,11,1472.99
CUST-001006,4,Loyal / Premium,Premium,4,5,5,18,37,17799.3
CUST-001007,0,Standard / Mid-Tier,Churned,1,2,2,99,5,602.15
CUST-001008,0,Standard / Mid-Tier,Churned,1,2,2,89,9,532.16
CUST-001009,0,Standard / Mid-Tier,New,5,1,1,6,2,166.39
CUST-001010,4,Loyal / Premium,At-Risk,2,5,5,72,83,35547.63
CUST-001011,0,Standard / Mid-Tier,Churned,1,1,1,497,4,341.66
CUST-001012,0,Standard / Mid-Tier,Standard,5,2,3,1,6,845.06
CUST-001013,0,Standard / Mid-Tier,Loyal,3,5,4,59,35,4710.21
CUST-001014,0,Standard / Mid-Tier,Standard,3,3,3,57,15,2221.63
CUST-001015,4,Loyal / Premium,At-Risk,2,4,4,78,17,3004.55
CUST-001016,0,Standard / Mid-Tier,Standard,3,3,3,45,11,1968.9
CUST-001017,0,Standard / Mid-Tier,Churned,1,2,2,88,10,525.5600000000001
CUST-001018,0,Standard / Mid-Tier,Premium,5,4,4,9,30,4807.82
CUST-001019,0,Standard / Mid-Tier,At-Risk,2,2,3,68,6,1195.62
CUST-001020,0,Standard / Mid-Tier,Budget,3,3,2,40,13,649.51
CUST-001021,4,Loyal / Premium,Loyal,3,5,5,59,39,18753.22
CUST-001022,0,Standard / Mid-Tier,At-Risk,2,5,5,74,34,5483.3
CUST-001023,0,Standard / Mid-Tier,Standard,4,3,4,23,14,2358.05
CUST-001024,0,Standard / Mid-Tier,Budget,3,1,1,35,3,171.93
CUST-001025,0,Standard / Mid-Tier,New,5,1,1,4,1,198.29
CUST-001026,0,Standard / Mid-Tier,Standard,5,3,4,3,16,2392.43
CUST-001027,0,Standard / Mid-Tier,Budget,2,1,1,65,3,198.48
CUST-001028,0,Standard / Mid-Tier,Standard,3,3,3,40,15,967.22
CUST-001029,4,Loyal / Premium,At-Risk,2,5,5,70,67,30771.51
CUST-001030,0,Standard / Mid-Tier,Budget,5,2,1,11,5,299.9
CUST-001031,3,Standard / Mid-Tier,Standard,3,5,5,58,38,5419.54
CUST-001032,4,Loyal / Premium,Loyal,2,5,5,83,78,37487.84
CUST-001033,0,Standard / Mid-Tier,Churned,1,1,1,644,1,42.04
CUST-001034,0,Standard / Mid-Tier,Churned,1,1,1,451,1,56.65
CUST-001035,0,Standard / Mid-Tier,Churned,1,2,3,97,6,967.22
CUST-001036,0,Standard / Mid-Tier,Loyal,3,5,5,46,40,5532.97
CUST-001037,4,Loyal / Premium,Loyal,3,5,5,58,37,16289.16
CUST-001038,0,Standard / Mid-Tier,New,4,1,1,15,1,85.55
CUST-001039,0,Standard / Mid-Tier,New,5,1,2,0,4,710.71
CUST-001040,4,Loyal / Premium,Loyal,3,4,5,60,29,14744.66
CUST-001041,0,Standard / Mid-Tier,Budget,2,1,1,65,3,245.83
CUST-001042,4,Loyal / Premium,At-Risk,2,5,5,62,78,34337.35
CUST-001043,0,Standard / Mid-Tier,Churned,1,2,3,167,9,1171.34
CUST-001044,0,Standard / Mid-Tier,Standard,5,3,3,8,11,1320.21
CUST-001045,0,Standard / Mid-Tier,New,5,1,1,13,1,111.71
CUST-001046,4,Loyal / Premium,Standard,3,3,3,46,16,2036.78
CUST-001047,0,Standard / Mid-Tier,Standard,3,4,3,58,18,984.68
CUST-001048,0,Standard / Mid-Tier,Budget,2,2,1,84,5,272.21
CUST-001049,0,Standard / Mid-Tier,Standard,5,2,3,11,7,1208.15
CUST-001050,0,Standard / Mid-Tier,Churned,1,1,1,89,4,264.13
CUST-001051,0,Standard / Mid-Tier,New,5,1,1,10,0,92.24
CUST-001052,0,Standard / Mid-Tier,Churned,1,3,2,492,11,711.58
CUST-001053,0,Standard / Mid-Tier,Churned,1,4,4,111,19,2352.89
CUST-001054,0,Standard / Mid-Tier,Budget,4,3,2,21,11,625.28
CUST-001055,0,Standard / Mid-Tier,Churned,1,1,1,189,3,141.49
CUST-001056,4,Loyal / Premium,Standard,3,5,5,60,62,28930.27
CUST-001057,0,Standard / Mid-Tier,Premium,4,4,4,30,23,2685.68
CUST-001058,4,Loyal / Premium,Standard,3,4,5,53,20,10149.26
CUST-001059,4,Loyal / Premium,Standard,3,4,4,45,28,3993.52
CUST-001060,0,Standard / Mid-Tier,Standard,5,3,3,14,14,1722.69
CUST-001061,0,Standard / Mid-Tier,Champion,4,5,5,30,37,5358.17
CUST-001062,0,Standard / Mid-Tier,Churned,1,4,4,94,20,2581.44
CUST-001063,4,Loyal / Premium,Champion,4,5,4,26,31,4588.13
CUST-001064,0,Standard / Mid-Tier,Standard,3,3,3,56,12,2034.78
CUST-001065,0,Standard / Mid-Tier,Budget,4,2,2,18,5,375.33
CUST-001066,4,Loyal / Premium,Loyal,3,5,5,54,86,40442.83
CUST-001067,0,Standard / Mid-Tier,Churned,1,1,2,99,2,408.89
CUST-001068,4,Loyal / Premium,Champion,4,5,5,32,73,32652.7
CUST-001069,0,Standard / Mid-Tier,Churned,1,2,2,104,7,484.58
CUST-001070,0,Standard / Mid-Tier,New,4,1,1,17,1,116.86
CUST-001071,4,Loyal / Premium,Champion,4,4,4,21,21,2915.83
CUST-001072,4,Loyal / Premium,Loyal,3,5,5,37,55,22728.69
CUST-001073,0,Standard / Mid-Tier,Loyal,1,4,3,112,17,1690.76
CUST-001074,0,Standard / Mid-Tier,New,5,1,1,4,4,298.76
CUST-001075,0,Standard / Mid-Tier,New,5,1,1,13,3,272.13
CUST-001076,0,Standard / Mid-Tier,New,4,1,1,23,2,226.74
CUST-001077,4,Loyal / Premium,Standard,3,4,5,50,25,12415.78
CUST-001078,4,Loyal / Premium,At-Risk,2,3,4,71,13,2456.01
CUST-001079,4,Loyal / Premium,Standard,3,4,5,37,25,10664.24
CUST-001080,0,Standard / Mid-Tier,Churned,1,4,4,146,22,3016.94
CUST-001081,0,Standard / Mid-Tier,At-Risk,2,3,2,61,11,686.6800000000001
CUST-001082,0,Standard / Mid-Tier,At-Risk,2,4,4,84,23,3020.34
CUST-001083,4,Loyal / Premium,Champion,4,5,5,31,88,42227.63
CUST-001084,0,Standard / Mid-Tier,Standard,4,2,3,29,10,1224.37
CUST-001085,0,Standard / Mid-Tier,Standard,3,5,4,47,33,4777.36
CUST-001086,0,Standard / Mid-Tier,New,5,1,1,14,1,102.27
CUST-001087,0,Standard / Mid-Tier,Budget,5,2,2,1,9,453.78
CUST-001088,0,Standard / Mid-Tier,Churned,1,2,3,132,9,1432.56
CUST-001089,0,Standard / Mid-Tier,Budget,2,2,2,64,8,502.4
CUST-001090,3,Standard / Mid-Tier,Loyal,3,5,5,60,72,33914.75
CUST-001091,0,Standard / Mid-Tier,New,4,1,1,17,0,56.98
CUST-001092,0,Standard / Mid-Tier,New,4,1,1,21,0,63.36
CUST-001093,0,Standard / Mid-Tier,At-Risk,2,3,3,62,14,841.56
CUST-001094,0,Standard / Mid-Tier,New,5,1,1,14,2,251.02
CUST-001095,0,Standard / Mid-Tier,At-Risk,2,3,3,83,14,821.77
CUST-001096,0,Standard / Mid-Tier,Budget,2,2,2,68,9,519.38
CUST-001097,0,Standard / Mid-Tier,Loyal,3,4,4,38,21,2992.93
CUST-001098,4,Loyal / Premium,Standard,3,4,5,42,28,12145.74
CUST-001099,4,Loyal / Premium,Premium,5,5,5,2,32,14916.11
CUST-001100,4,Loyal / Premium,Standard,3,5,5,53,42,21655.39
CUST-001101,0,Standard / Mid-Tier,Budget,4,3,2,22,13,657.68
CUST-001102,0,Standard / Mid-Tier,Loyal,2,4,4,80,27,3753.84
CUST-001103,0,Standard / Mid-Tier,Budget,2,2,2,86,7,394.82
CUST-001104,0,Standard / Mid-Tier,Churned,1,4,4,121,17,2606.33
CUST-001105,0,Standard / Mid-Tier,Champion,5,4,4,9,28,4263.47
CUST-001106,0,Standard / Mid-Tier,Champion,5,5,4,5,34,4596.28
CUST-001107,0,Standard / Mid-Tier,New,4,1,1,16,1,59.58
CUST-001108,0,Standard / Mid-Tier,Standard,5,2,3,4,9,1201.25
CUST-001109,4,Loyal / Premium,At-Risk,2,5,5,78,103,44691.66
CUST-001110,0,Standard / Mid-Tier,At-Risk,2,4,4,62,29,4360.79
CUST-001111,0,Standard / Mid-Tier,Standard,3,4,4,49,22,2833.14
CUST-001112,0,Standard / Mid-Tier,Churned,1,3,2,326,11,745.75
CUST-001113,0,Standard / Mid-Tier,Churned,1,4,4,92,18,2276.77
CUST-001114,0,Standard / Mid-Tier,Budget,3,1,1,55,4,191.67
CUST-001115,0,Standard / Mid-Tier,Churned,1,3,3,138,11,1808.6
CUST-001116,0,Standard / Mid-Tier,Churned,1,2,3,164,8,844.49
CUST-001117,0,Standard / Mid-Tier,Loyal,2,4,4,63,23,4439.99
CUST-001118,0,Standard / Mid-Tier,Churned,1,4,4,147,22,2513.78
CUST-001119,0,Standard / Mid-Tier,New,4,1,1,15,2,162.43
CUST-001120,0,Standard / Mid-Tier,Standard,3,2,3,50,10,1272.64
CUST-001121,0,Standard / Mid-Tier,Churned,1,2,2,109,6,649.43
CUST-001122,0,Standard / Mid-Tier,Standard,3,2,3,58,9,1066.58
CUST-001123,4,Loyal / Premium,Loyal,3,5,5,49,108,52037.76
CUST-001124,0,Standard / Mid-Tier,Champion,5,4,4,10,28,4010.77
CUST-001125,0,Standard / Mid-Tier,Standard,5,2,3,4,10,1427.46
CUST-001126,0,Standard / Mid-Tier,Churned,1,2,3,91,7,857.81
CUST-001127,0,Standard / Mid-Tier,Churned,1,4,4,171,17,2358.86
CUST-001128,4,Loyal / Premium,Champion,4,5,5,20,93,47675.75
CUST-001129,0,Standard / Mid-Tier,Budget,3,2,2,37,9,778.48
CUST-001130,0,Standard / Mid-Tier,At-Risk,2,2,3,74,8,1528.51
CUST-001131,0,Standard / Mid-Tier,Standard,3,2,3,55,8,1068.64
CUST-001132,4,Loyal / Premium,At-Risk,2,5,5,80,92,45688.67
CUST-001133,0,Standard / Mid-Tier,Standard,3,5,5,49,38,5508.96
CUST-001134,0,Standard / Mid-Tier,Churned,1,3,3,209,10,872.33
CUST-001135,0,Standard / Mid-Tier,Loyal,3,5,5,37,31,5203.98
CUST-001136,0,Standard / Mid-Tier,At-Risk,2,3,2,70,10,559.86
CUST-001137,0,Standard / Mid-Tier,New,5,1,1,7,3,178.11
CUST-001138,4,Loyal / Premium,Champion,5,5,5,10,38,5369.61
CUST-001139,0,Standard / Mid-Tier,Churned,1,1,1,232,4,253.31
CUST-001140,0,Standard / Mid-Tier,Churned,1,2,2,627,7,783.58
CUST-001141,0,Standard / Mid-Tier,Champion,4,4,4,30,24,3818.33
CUST-001142,0,Standard / Mid-Tier,Budget,4,2,2,24,6,435.06
CUST-001143,0,Standard / Mid-Tier,At-Risk,2,4,4,82,25,3692.12
CUST-001144,4,Loyal / Premium,At-Risk,2,4,4,68,21,2999.84
CUST-001145,4,Loyal / Premium,Champion,4,5,5,21,76,34748.89
CUST-001146,0,Standard / Mid-Tier,Budget,3,2,1,53,5,311.37
CUST-001147,0,Standard / Mid-Tier,Churned,1,3,3,90,12,814.76
CUST-001148,4,Loyal / Premium,Champion,4,4,5,30,20,8602.25
CUST-001149,0,Standard / Mid-Tier,Standard,3,4,4,51,23,3769.5
CUST-001150,0,Standard / Mid-Tier,Churned,1,2,3,99,6,805.36
CUST-001151,0,Standard / Mid-Tier,Champion,5,5,5,6,39,5028.11
CUST-001152,4,Loyal / Premium,Premium,4,4,5,21,28,13141.79
CUST-001153,0,Standard / Mid-Tier,Budget,5,4,2,1,17,746.93
CUST-001154,0,Standard / Mid-Tier,Churned,1,2,2,252,5,566.74
CUST-001155,0,Standard / Mid-Tier,Loyal,3,5,4,60,36,4953.84
CUST-001156,0,Standard / Mid-Tier,New,5,1,1,7,3,345.55
CUST-001157,0,Standard / Mid-Tier,New,4,1,2,15,4,447.58
CUST-001158,0,Standard / Mid-Tier,Standard,3,2,3,38,9,1209.74
CUST-001159,0,Standard / Mid-Tier,New,4,1,1,24,1,70.46
CUST-001160,0,Standard / Mid-Tier,Champion,4,4,4,20,18,2600.97
CUST-001161,0,Standard / Mid-Tier,Budget,2,2,1,61,6,349.59
CUST-001162,0,Standard / Mid-Tier,At-Risk,2,3,3,61,11,858.65
CUST-001163,0,Standard / Mid-Tier,Budget,3,3,2,50,13,760.98
CUST-001164,4,Loyal / Premium,At-Risk,2,5,5,87,89,42132.48
CUST-001165,0,Standard / Mid-Tier,Churned,1,3,3,142,12,1740.45
CUST-001166,0,Standard / Mid-Tier,Standard,4,3,3,23,16,1993.72
CUST-001167,0,Standard / Mid-Tier,Champion,5,4,5,13,30,5223.67
CUST-001168,4,Loyal / Premium,Champion,4,4,5,17,24,13352.18
CUST-001169,0,Standard / Mid-Tier,Budget,5,2,2,8,6,386.77
CUST-001170,0,Standard / Mid-Tier,New,5,1,1,4,2,150.42
CUST-001171,4,Loyal / Premium,Champion,4,5,5,17,64,27277.61
CUST-001172,0,Standard / Mid-Tier,Standard,3,3,3,51,15,857.52
CUST-001173,0,Standard / Mid-Tier,Standard,5,3,3,8,12,1593.23
CUST-001174,0,Standard / Mid-Tier,At-Risk,2,3,2,82,13,749.67
CUST-001175,0,Standard / Mid-Tier,Loyal,2,4,4,75,24,3872.26
CUST-001176,0,Standard / Mid-Tier,New,4,1,1,23,3,268.32
CUST-001177,4,Loyal / Premium,Standard,3,4,4,59,25,3801.35
CUST-001178,0,Standard / Mid-Tier,Churned,1,1,1,284,3,204.66000000000005
CUST-001179,4,Loyal / Premium,At-Risk,2,5,5,87,113,48779.59
CUST-001180,0,Standard / Mid-Tier,Standard,3,4,4,57,22,3795.84
CUST-001181,4,Loyal / Premium,Champion,5,5,5,14,32,14762.92
CUST-001182,0,Standard / Mid-Tier,Churned,1,3,3,293,11,845.82
CUST-001183,0,Standard / Mid-Tier,Churned,1,3,3,123,10,984.97
CUST-001184,0,Standard / Mid-Tier,Loyal,3,5,4,60,34,4310.67
CUST-001185,0,Standard / Mid-Tier,New,5,1,1,3,0,159.0
CUST-001186,0,Standard / Mid-Tier,Standard,5,3,3,10,15,2212.54
CUST-001187,0,Standard / Mid-Tier,Standard,5,3,3,8,15,869.38
CUST-001188,0,Standard / Mid-Tier,At-Risk,2,3,2,84,13,646.92
CUST-001189,0,Standard / Mid-Tier,At-Risk,2,5,5,75,34,5727.6900000000005
CUST-001190,4,Loyal / Premium,Champion,5,5,5,5,69,28576.33
CUST-001191,0,Standard / Mid-Tier,Churned,1,4,4,105,17,2326.8
CUST-001192,0,Standard / Mid-Tier,Churned,1,4,4,155,19,2803.15
CUST-001193,0,Standard / Mid-Tier,Budget,5,3,2,13,13,755.26
CUST-001194,0,Standard / Mid-Tier,Standard,5,3,3,0,10,1393.03
CUST-001195,0,Standard / Mid-Tier,Premium,5,4,4,14,20,2924.21
CUST-001196,0,Standard / Mid-Tier,New,4,1,1,20,1,315.83
CUST-001197,0,Standard / Mid-Tier,Churned,1,2,2,117,6,612.06
CUST-001198,0,Standard / Mid-Tier,Churned,1,2,3,131,9,1037.18
CUST-001199,0,Standard / Mid-Tier,New,5,1,1,3,0,209.41
CUST-001200,0,Standard / Mid-Tier,New,5,1,1,1,4,186.01
CUST-001201,4,Loyal / Premium,Premium,5,5,5,7,96,45634.02
CUST-001202,0,Standard / Mid-Tier,Standard,4,3,3,16,11,1616.13
CUST-001203,0,Standard / Mid-Tier,Churned,1,2,2,138,6,500.99
CUST-001204,0,Standard / Mid-Tier,Budget,3,3,2,37,13,592.21
CUST-001205,3,Standard / Mid-Tier,At-Risk,2,5,5,81,82,38316.54
CUST-001206,4,Loyal / Premium,Loyal,3,4,5,43,20,13264.05
CUST-001207,0,Standard / Mid-Tier,New,5,1,2,12,3,421.55
CUST-001208,4,Loyal / Premium,Champion,4,5,5,18,88,39911.09
CUST-001209,0,Standard / Mid-Tier,Standard,4,2,3,27,5,961.33
CUST-001210,0,Standard / Mid-Tier,New,5,1,1,4,2,126.98
CUST-001211,0,Standard / Mid-Tier,New,4,1,1,28,2,157.32999999999998
CUST-001212,0,Standard / Mid-Tier,New,5,1,1,7,0,38.82
CUST-001213,0,Standard / Mid-Tier,At-Risk,2,2,3,85,8,1448.49
CUST-001214,0,Standard / Mid-Tier,New,4,1,1,15,2,297.76
CUST-001215,0,Standard / Mid-Tier,Champion,4,4,4,23,26,4113.85
CUST-001216,3,Standard / Mid-Tier,Champion,4,4,4,20,27,3847.84
CUST-001217,0,Standard / Mid-Tier,New,4,1,1,29,3,352.76
CUST-001218,0,Standard / Mid-Tier,Budget,3,1,1,48,2,111.59
CUST-001219,0,Standard / Mid-Tier,Loyal,2,4,4,81,19,2339.97
CUST-001220,0,Standard / Mid-Tier,New,5,1,1,10,1,88.16
CUST-001221,0,Standard / Mid-Tier,Budget,5,3,2,5,10,778.81
CUST-001222,4,Loyal / Premium,Champion,4,5,5,19,103,46033.67
CUST-001223,0,Standard / Mid-Tier,Standard,5,3,4,9,15,2233.01
CUST-001224,3,Standard / Mid-Tier,At-Risk,2,4,4,70,18,2363.33
CUST-001225,0,Standard / Mid-Tier,Churned,1,4,4,88,27,3639.5
CUST-001226,0,Standard / Mid-Tier,Churned,1,1,1,728,4,185.04
CUST-001227,0,Standard / Mid-Tier,Standard,5,3,3,4,12,1392.99
CUST-001228,0,Standard / Mid-Tier,Standard,4,2,3,24,5,1102.45
CUST-001229,0,Standard / Mid-Tier,Budget,5,3,2,11,10,611.75
CUST-001230,0,Standard / Mid-Tier,New,4,1,2,29,3,386.93
CUST-001231,0,Standard / Mid-Tier,At-Risk,2,3,2,81,14,805.1
CUST-001232,0,Standard / Mid-Tier,Budget,5,2,1,5,5,299.47
CUST-001233,0,Standard / Mid-Tier,Budget,2,2,1,84,5,243.53
CUST-001234,4,Loyal / Premium,At-Risk,2,4,4,61,27,4414.46
CUST-001235,0,Standard / Mid-Tier,New,4,1,1,28,0,58.54
CUST-001236,0,Standard / Mid-Tier,Champion,4,4,4,26,17,2264.5
CUST-001237,4,Loyal / Premium,At-Risk,2,5,5,67,50,22730.75
CUST-001238,0,Standard / Mid-Tier,Budget,2,1,1,82,3,133.01
CUST-001239,0,Standard / Mid-Tier,Premium,4,4,4,34,30,4603.41
CUST-001240,0,Standard / Mid-Tier,Churned,1,2,1,192,7,357.81
CUST-001241,0,Standard / Mid-Tier,Churned,1,2,3,568,9,821.85
CUST-001242,0,Standard / Mid-Tier,Churned,1,3,4,114,16,2283.47
CUST-001243,0,Standard / Mid-Tier,Champion,5,5,4,13,35,4447.35
CUST-001244,4,Loyal / Premium,Premium,5,5,5,13,73,34541.5
CUST-001245,0,Standard / Mid-Tier,Churned,1,1,1,553,3,285.68
CUST-001246,0,Standard / Mid-Tier,Churned,1,4,4,90,24,4456.51
CUST-001247,0,Standard / Mid-Tier,Churned,1,2,3,198,8,845.99
CUST-001248,0,Standard / Mid-Tier,Churned,1,2,2,418,9,487.0
CUST-001249,0,Standard / Mid-Tier,Churned,1,3,3,178,16,2152.42
CUST-001250,0,Standard / Mid-Tier,Premium,5,4,4,9,27,3915.09
CUST-001251,0,Standard / Mid-Tier,At-Risk,2,3,4,71,15,3062.81
CUST-001252,0,Standard / Mid-Tier,Churned,1,3,3,176,15,1748.68
CUST-001253,0,Standard / Mid-Tier,At-Risk,2,4,4,65,17,2861.76
CUST-001254,0,Standard / Mid-Tier,At-Risk,2,3,4,85,14,2281.56
CUST-001255,0,Standard / Mid-Tier,Budget,2,1,1,74,4,245.2
CUST-001256,0,Standard / Mid-Tier,Churned,1,3,3,423,11,875.11
CUST-001257,0,Standard / Mid-Tier,New,5,1,1,1,2,228.35
CUST-001258,0,Standard / Mid-Tier,Budget,3,2,1,46,5,235.98
CUST-001259,4,Loyal / Premium,Loyal,2,4,5,88,21,9666.88
CUST-001260,0,Standard / Mid-Tier,At-Risk,2,3,3,63,16,824.04
CUST-001261,0,Standard / Mid-Tier,Churned,1,1,1,582,4,261.0
CUST-001262,4,Loyal / Premium,Champion,4,4,5,29,28,13647.26
CUST-001263,0,Standard / Mid-Tier,Budget,2,2,2,62,5,382.18
CUST-001264,0,Standard / Mid-Tier,Churned,1,4,4,134,23,2787.7200000000003
CUST-001265,0,Standard / Mid-Tier,New,5,1,1,2,1,91.74
CUST-001266,0,Standard / Mid-Tier,New,5,1,1,10,2,230.12
CUST-001267,0,Standard / Mid-Tier,New,4,1,1,24,1,188.01
CUST-001268,0,Standard / Mid-Tier,Standard,3,3,3,59,14,2108.39
CUST-001269,0,Standard / Mid-Tier,At-Risk,2,3,3,65,13,2167.63
CUST-001270,0,Standard / Mid-Tier,Churned,1,2,2,164,5,768.11
CUST-001271,0,Standard / Mid-Tier,Churned,1,2,3,99,7,901.17
CUST-001272,0,Standard / Mid-Tier,Churned,1,3,4,161,16,2329.94
CUST-001273,0,Standard / Mid-Tier,Churned,1,3,3,177,12,1162.96
CUST-001274,0,Standard / Mid-Tier,Budget,2,2,2,87,9,618.93
CUST-001275,0,Standard / Mid-Tier,At-Risk,2,3,2,83,10,646.84
CUST-001276,0,Standard / Mid-Tier,New,5,1,1,1,1,47.32
CUST-001277,0,Standard / Mid-Tier,Budget,3,2,1,57,6,261.41
CUST-001278,0,Standard / Mid-Tier,New,5,1,1,12,1,88.72
CUST-001279,3,Standard / Mid-Tier,New,4,1,1,17,1,60.44
CUST-001280,0,Standard / Mid-Tier,Churned,1,4,3,95,17,1936.81
CUST-001281,4,Loyal / Premium,Standard,3,5,4,37,35,4914.25
CUST-001282,0,Standard / Mid-Tier,Standard,3,4,4,46,27,4171.17
CUST-001283,4,Loyal / Premium,Standard,3,5,5,38,83,41366.34
CUST-001284,0,Standard / Mid-Tier,Budget,4,2,2,17,8,373.87
CUST-001285,4,Loyal / Premium,Churned,1,5,5,90,48,22955.92
CUST-001286,0,Standard / Mid-Tier,Budget,4,3,2,22,10,678.25
CUST-001287,0,Standard / Mid-Tier,At-Risk,2,3,3,67,15,832.25
CUST-001288,0,Standard / Mid-Tier,At-Risk,2,4,4,86,27,4318.29
CUST-001289,0,Standard / Mid-Tier,Standard,3,3,3,58,15,833.72
CUST-001290,4,Loyal / Premium,Champion,4,4,5,19,28,11629.45
CUST-001291,4,Loyal / Premium,Champion,4,4,5,17,21,8939.77
CUST-001292,0,Standard / Mid-Tier,Churned,1,4,3,158,18,2142.69
CUST-001293,0,Standard / Mid-Tier,Premium,4,5,4,20,32,4414.49
CUST-001294,4,Loyal / Premium,Loyal,3,5,5,46,66,31590.09
CUST-001295,0,Standard / Mid-Tier,New,5,1,1,6,4,155.5
CUST-001296,0,Standard / Mid-Tier,New,5,1,1,14,4,264.72
CUST-001297,0,Standard / Mid-Tier,Champion,4,4,4,19,19,2933.92
CUST-001298,0,Standard / Mid-Tier,Budget,3,2,2,48,9,712.48
CUST-001299,4,Loyal / Premium,Loyal,3,5,5,50,105,49911.84
CUST-001300,4,Loyal / Premium,Loyal,3,5,5,36,31,15962.25
CUST-001301,0,Standard / Mid-Tier,Budget,3,2,1,40,5,307.87
CUST-001302,0,Standard / Mid-Tier,Budget,3,2,2,51,6,479.85
CUST-001303,0,Standard / Mid-Tier,New,4,1,1,26,1,113.67
CUST-001304,0,Standard / Mid-Tier,New,5,1,1,14,2,141.55
CUST-001305,0,Standard / Mid-Tier,Churned,1,2,2,206,9,656.65
CUST-001306,0,Standard / Mid-Tier,Budget,3,1,1,35,3,303.56
CUST-001307,0,Standard / Mid-Tier,At-Risk,2,3,3,62,10,1892.3
CUST-001308,0,Standard / Mid-Tier,New,5,1,1,4,2,177.31
CUST-001309,0,Standard / Mid-Tier,At-Risk,2,3,3,71,13,1729.25
CUST-001310,4,Loyal / Premium,Champion,5,4,4,11,28,4255.6
CUST-001311,4,Loyal / Premium,Loyal,2,5,5,82,108,53081.93
CUST-001312,3,Standard / Mid-Tier,Champion,5,4,5,11,27,12289.48
CUST-001313,0,Standard / Mid-Tier,Churned,1,3,3,550,13,874.36
CUST-001314,0,Standard / Mid-Tier,Churned,1,1,2,109,4,524.13
CUST-001315,0,Standard / Mid-Tier,New,4,1,2,20,3,367.38
CUST-001316,0,Standard / Mid-Tier,Premium,5,4,4,0,30,4861.68
CUST-001317,3,Standard / Mid-Tier,Standard,3,2,3,59,8,1071.9
CUST-001318,0,Standard / Mid-Tier,Standard,3,5,4,59,34,4470.47
CUST-001319,0,Standard / Mid-Tier,At-Risk,2,4,4,63,30,4121.55
CUST-001320,0,Standard / Mid-Tier,Budget,4,2,2,35,8,450.13
CUST-001321,0,Standard / Mid-Tier,New,4,1,1,24,1,51.24
CUST-001322,0,Standard / Mid-Tier,New,4,1,1,24,4,297.5
CUST-001323,0,Standard / Mid-Tier,Standard,3,3,4,54,15,2614.36
CUST-001324,0,Standard / Mid-Tier,Churned,1,1,1,207,3,142.01999999999998
CUST-001325,0,Standard / Mid-Tier,New,5,1,1,8,2,161.24
CUST-001326,0,Standard / Mid-Tier,Budget,3,1,1,50,2,178.82
CUST-001327,0,Standard / Mid-Tier,Budget,3,1,1,36,3,185.5
CUST-001328,0,Standard / Mid-Tier,Standard,4,3,3,22,10,1860.44
CUST-001329,0,Standard / Mid-Tier,Standard,3,4,4,57,25,3365.92
CUST-001330,0,Standard / Mid-Tier,Loyal,3,4,4,49,25,3458.27
CUST-001331,0,Standard / Mid-Tier,New,5,1,1,5,1,50.58
CUST-001332,4,Loyal / Premium,Loyal,2,5,5,61,32,12649.45
CUST-001333,4,Loyal / Premium,Champion,4,5,5,23,85,39723.4
CUST-001334,3,Standard / Mid-Tier,Loyal,2,4,5,85,28,11896.33
CUST-001335,4,Loyal / Premium,Loyal,1,5,5,90,48,18110.59
CUST-001336,0,Standard / Mid-Tier,Churned,1,2,3,150,8,1005.62
CUST-001337,0,Standard / Mid-Tier,New,5,1,1,4,1,167.16
CUST-001338,0,Standard / Mid-Tier,Budget,2,2,2,67,8,449.63
CUST-001339,4,Loyal / Premium,Champion,4,5,5,34,90,35469.83
CUST-001340,0,Standard / Mid-Tier,Budget,3,2,2,56,7,504.87
CUST-001341,0,Standard / Mid-Tier,At-Risk,2,3,3,83,13,916.9
CUST-001342,0,Standard / Mid-Tier,Standard,3,3,3,47,13,1648.44
CUST-001343,0,Standard / Mid-Tier,Standard,5,3,3,12,14,2097.36
CUST-001344,4,Loyal / Premium,Champion,4,4,4,18,27,4318.81
CUST-001345,3,Standard / Mid-Tier,Budget,3,2,2,41,7,429.14
CUST-001346,0,Standard / Mid-Tier,Budget,3,2,2,47,6,483.57
CUST-001347,4,Loyal / Premium,Standard,3,5,5,48,98,44635.13
CUST-001348,0,Standard / Mid-Tier,Champion,5,5,4,4,34,4544.62
CUST-001349,0,Standard / Mid-Tier,Standard,4,3,3,22,14,831.66
CUST-001350,0,Standard / Mid-Tier,At-Risk,2,3,3,63,14,894.0400000000001
CUST-001351,0,Standard / Mid-Tier,Churned,1,3,3,138,11,1145.89
CUST-001352,0,Standard / Mid-Tier,New,4,1,1,29,3,355.3
CUST-001353,0,Standard / Mid-Tier,Champion,5,5,4,14,31,4305.37
CUST-001354,5,Standard / Mid-Tier,Loyal,2,5,5,79,66,30435.22
CUST-001355,0,Standard / Mid-Tier,Budget,3,2,1,39,7,335.55
CUST-001356,4,Loyal / Premium,Standard,3,5,5,49,32,14625.05
CUST-001357,0,Standard / Mid-Tier,Budget,3,2,1,51,5,346.46
CUST-001358,0,Standard / Mid-Tier,Churned,1,3,3,256,13,922.43
CUST-001359,0,Standard / Mid-Tier,New,4,1,1,17,3,157.07999999999998
CUST-001360,0,Standard / Mid-Tier,At-Risk,2,4,4,84,27,4702.11
CUST-001361,0,Standard / Mid-Tier,At-Risk,2,3,2,72,14,764.02
CUST-001362,0,Standard / Mid-Tier,New,4,1,1,30,4,225.65
CUST-001363,0,Standard / Mid-Tier,Budget,4,2,2,20,8,544.21
CUST-001364,0,Standard / Mid-Tier,Churned,1,1,1,597,2,150.62
CUST-001365,0,Standard / Mid-Tier,At-Risk,2,4,5,63,29,5173.11
CUST-001366,0,Standard / Mid-Tier,Churned,1,1,1,263,1,139.57999999999998
CUST-001367,0,Standard / Mid-Tier,Churned,1,3,3,104,12,1428.12
CUST-001368,0,Standard / Mid-Tier,Loyal,3,4,4,57,22,2977.6
CUST-001369,4,Loyal / Premium,At-Risk,2,5,5,82,92,43443.42
CUST-001370,4,Loyal / Premium,Champion,4,4,5,32,19,9146.57
CUST-001371,4,Loyal / Premium,At-Risk,2,5,5,84,70,34308.1
CUST-001372,4,Loyal / Premium,At-Risk,2,5,5,72,110,48295.0
CUST-001373,0,Standard / Mid-Tier,New,4,1,1,26,0,180.81
CUST-001374,4,Loyal / Premium,Standard,3,5,5,60,41,17970.32
CUST-001375,0,Standard / Mid-Tier,At-Risk,2,4,4,70,19,3088.0
CUST-001376,0,Standard / Mid-Tier,Churned,1,2,3,109,9,1052.81
CUST-001377,4,Loyal / Premium,Standard,3,4,5,41,27,12563.22
CUST-001378,0,Standard / Mid-Tier,Churned,1,3,3,107,15,1873.48
CUST-001379,0,Standard / Mid-Tier,Standard,3,4,4,49,30,4257.74
CUST-001380,4,Loyal / Premium,Champion,5,5,5,12,69,33840.46
CUST-001381,0,Standard / Mid-Tier,New,5,1,2,11,4,367.99
CUST-001382,0,Standard / Mid-Tier,Budget,3,3,2,60,12,707.2
CUST-001383,0,Standard / Mid-Tier,Churned,1,3,3,144,12,1953.95
CUST-001384,0,Standard / Mid-Tier,New,4,1,1,22,1,71.46
CUST-001385,0,Standard / Mid-Tier,Churned,1,4,4,108,18,2240.02
CUST-001386,0,Standard / Mid-Tier,Champion,4,5,5,23,44,5440.68
CUST-001387,0,Standard / Mid-Tier,Premium,4,4,4,35,22,3018.28
CUST-001388,0,Standard / Mid-Tier,New,5,1,2,3,4,416.73
CUST-001389,0,Standard / Mid-Tier,Churned,1,2,2,152,5,647.36
CUST-001390,0,Standard / Mid-Tier,Churned,1,1,1,647,3,190.88
CUST-001391,0,Standard / Mid-Tier,Standard,3,3,3,54,12,1781.65
CUST-001392,0,Standard / Mid-Tier,Standard,3,2,3,59,8,1161.38
CUST-001393,0,Standard / Mid-Tier,New,4,1,1,19,0,107.35
CUST-001394,0,Standard / Mid-Tier,At-Risk,2,4,4,65,26,3777.22
CUST-001395,0,Standard / Mid-Tier,Churned,1,2,2,370,7,754.7
CUST-001396,0,Standard / Mid-Tier,Churned,1,1,2,178,4,424.49
CUST-001397,3,Standard / Mid-Tier,At-Risk,2,3,3,65,14,2150.45
CUST-001398,0,Standard / Mid-Tier,New,5,1,2,13,2,409.57
CUST-001399,0,Standard / Mid-Tier,New,4,1,1,22,2,227.49
CUST-001400,4,Loyal / Premium,At-Risk,2,5,5,79,63,30637.57
CUST-001401,0,Standard / Mid-Tier,Churned,1,3,3,163,15,2020.37
CUST-001402,0,Standard / Mid-Tier,Budget,3,3,2,36,14,773.01
CUST-001403,0,Standard / Mid-Tier,Churned,1,3,3,129,16,1839.31
CUST-001404,0,Standard / Mid-Tier,Standard,4,3,3,24,15,2021.99
CUST-001405,0,Standard / Mid-Tier,Standard,3,3,3,41,10,1350.95
CUST-001406,0,Standard / Mid-Tier,Loyal,3,5,4,38,32,4663.74
CUST-001407,4,Loyal / Premium,Champion,4,4,5,22,24,10408.34
CUST-001408,0,Standard / Mid-Tier,Loyal,1,4,4,138,23,2495.84
CUST-001409,4,Loyal / Premium,Loyal,3,5,5,36,37,18731.85
CUST-001410,0,Standard / Mid-Tier,New,4,1,3,27,4,1247.99
CUST-001411,0,Standard / Mid-Tier,Churned,1,2,3,287,9,1000.33
CUST-001412,0,Standard / Mid-Tier,Churned,1,3,3,493,14,982.08
CUST-001413,0,Standard / Mid-Tier,Standard,3,3,3,38,16,912.52
CUST-001414,0,Standard / Mid-Tier,Budget,2,2,2,84,9,486.81
CUST-001415,0,Standard / Mid-Tier,Standard,3,4,4,38,25,3667.24
CUST-001416,4,Loyal / Premium,At-Risk,2,4,4,65,22,3595.73
CUST-001417,3,Standard / Mid-Tier,Champion,4,4,4,24,17,2882.6
CUST-001418,0,Standard / Mid-Tier,New,4,1,1,18,1,174.07
CUST-001419,0,Standard / Mid-Tier,New,4,1,2,15,4,396.24
CUST-001420,0,Standard / Mid-Tier,New,5,1,1,12,3,241.18
CUST-001421,0,Standard / Mid-Tier,New,5,1,2,1,4,365.91
CUST-001422,4,Loyal / Premium,Standard,3,5,5,53,44,19969.5
CUST-001423,0,Standard / Mid-Tier,Churned,1,3,3,89,13,850.47
CUST-001424,4,Loyal / Premium,At-Risk,2,4,5,71,22,8815.93
CUST-001425,0,Standard / Mid-Tier,Budget,4,3,2,26,10,761.85
CUST-001426,0,Standard / Mid-Tier,Standard,5,3,3,5,12,1460.11
CUST-001427,0,Standard / Mid-Tier,Churned,1,2,2,139,5,636.98
CUST-001428,0,Standard / Mid-Tier,Standard,3,4,4,40,17,2736.19
CUST-001429,4,Loyal / Premium,Premium,4,5,5,26,48,22660.39
CUST-001430,4,Loyal / Premium,Champion,5,5,5,5,93,46021.79
CUST-001431,0,Standard / Mid-Tier,New,5,1,1,2,2,132.97
CUST-001432,0,Standard / Mid-Tier,Standard,5,3,3,14,16,905.52
CUST-001433,4,Loyal / Premium,Loyal,3,5,5,58,80,43427.33
CUST-001434,4,Loyal / Premium,At-Risk,2,5,5,82,65,30809.15
CUST-001435,0,Standard / Mid-Tier,New,5,1,1,14,4,307.69
CUST-001436,4,Loyal / Premium,Standard,3,5,5,59,67,26675.68
CUST-001437,0,Standard / Mid-Tier,Churned,1,2,3,106,8,1037.0
CUST-001438,0,Standard / Mid-Tier,New,4,1,1,29,1,85.35
CUST-001439,4,Loyal / Premium,At-Risk,2,5,5,75,102,46565.87
CUST-001440,4,Loyal / Premium,Standard,3,5,5,56,76,34061.38
CUST-001441,0,Standard / Mid-Tier,Churned,1,3,2,507,10,700.99
CUST-001442,0,Standard / Mid-Tier,Champion,5,5,4,14,31,4271.84
CUST-001443,0,Standard / Mid-Tier,Standard,3,5,4,36,31,4172.82
CUST-001444,0,Standard / Mid-Tier,Churned,1,4,3,135,17,1985.69
CUST-001445,0,Standard / Mid-Tier,Churned,1,2,2,563,8,777.37
CUST-001446,0,Standard / Mid-Tier,Churned,1,2,3,621,9,876.53
CUST-001447,0,Standard / Mid-Tier,New,4,1,1,30,2,281.98
CUST-001448,0,Standard / Mid-Tier,Loyal,3,4,4,42,23,3385.94
CUST-001449,3,Standard / Mid-Tier,Champion,5,5,5,13,78,41362.14
CUST-001450,0,Standard / Mid-Tier,New,5,1,1,5,2,243.59
CUST-001451,0,Standard / Mid-Tier,Budget,2,2,2,78,8,561.04
CUST-001452,0,Standard / Mid-Tier,Standard,3,4,4,60,24,3713.03
CUST-001453,0,Standard / Mid-Tier,Churned,1,3,3,167,12,1406.68
CUST-001454,4,Loyal / Premium,Premium,5,5,5,12,114,52182.06
CUST-001455,0,Standard / Mid-Tier,Budget,5,2,1,3,5,356.46
CUST-001456,4,Loyal / Premium,Standard,3,5,5,45,71,38690.3
CUST-001457,0,Standard / Mid-Tier,Budget,4,3,2,23,11,490.85
CUST-001458,4,Loyal / Premium,Premium,5,5,5,12,70,31323.71
CUST-001459,4,Loyal / Premium,Champion,4,5,5,33,93,39583.78
CUST-001460,4,Loyal / Premium,Premium,5,5,5,12,78,32611.33
CUST-001461,0,Standard / Mid-Tier,Budget,2,1,1,68,2,91.37
CUST-001462,0,Standard / Mid-Tier,New,4,1,1,28,4,289.46
CUST-001463,0,Standard / Mid-Tier,New,4,1,1,31,3,214.65
CUST-001464,0,Standard / Mid-Tier,Churned,1,2,2,204,9,792.49
CUST-001465,0,Standard / Mid-Tier,Champion,5,4,4,14,27,3681.46
CUST-001466,0,Standard / Mid-Tier,Standard,3,2,3,39,9,1183.72
CUST-001467,0,Standard / Mid-Tier,Churned,1,3,3,102,12,1050.21
CUST-001468,0,Standard / Mid-Tier,Standard,4,3,3,35,13,1933.04
CUST-001469,0,Standard / Mid-Tier,New,5,1,1,0,2,141.76999999999998
CUST-001470,4,Loyal / Premium,Champion,5,4,5,1,17,7421.83
CUST-001471,0,Standard / Mid-Tier,Churned,1,1,1,206,3,189.74
CUST-001472,4,Loyal / Premium,Champion,4,5,5,31,98,51693.4
CUST-001473,0,Standard / Mid-Tier,Churned,1,4,4,159,20,2425.32
CUST-001474,0,Standard / Mid-Tier,Budget,3,2,2,41,9,456.09
CUST-001475,0,Standard / Mid-Tier,Churned,1,2,2,213,6,513.38
CUST-001476,4,Loyal / Premium,At-Risk,2,5,5,72,77,39806.42
CUST-001477,0,Standard / Mid-Tier,Budget,2,1,2,76,4,445.81
CUST-001478,0,Standard / Mid-Tier,Churned,1,1,2,595,2,376.05
CUST-001479,0,Standard / Mid-Tier,Budget,4,2,2,19,8,602.26
CUST-001480,0,Standard / Mid-Tier,Budget,5,2,2,4,9,482.02
CUST-001481,0,Standard / Mid-Tier,New,5,1,1,14,2,274.95
CUST-001482,0,Standard / Mid-Tier,Budget,3,2,2,39,6,367.09
CUST-001483,2,Standard / Mid-Tier,Budget,3,3,2,58,13,698.53
CUST-001484,0,Standard / Mid-Tier,Budget,2,1,1,75,3,164.64999999999998
CUST-001485,0,Standard / Mid-Tier,Churned,1,3,3,118,11,1667.34
CUST-001486,4,Loyal / Premium,Premium,4,4,5,27,29,13423.13
CUST-001487,0,Standard / Mid-Tier,Standard,3,2,3,52,8,1574.38
CUST-001488,0,Standard / Mid-Tier,Budget,2,1,1,87,2,159.9
CUST-001489,0,Standard / Mid-Tier,Churned,1,4,3,114,17,1966.62
CUST-001490,0,Standard / Mid-Tier,At-Risk,2,3,3,87,14,873.13
CUST-001491,0,Standard / Mid-Tier,Budget,5,3,2,11,12,738.62
CUST-001492,0,Standard / Mid-Tier,Champion,4,4,4,30,19,2596.55
CUST-001493,0,Standard / Mid-Tier,At-Risk,2,3,3,85,15,2078.23
CUST-001494,0,Standard / Mid-Tier,Budget,3,3,2,41,10,569.39
CUST-001495,0,Standard / Mid-Tier,Champion,5,4,4,7,22,3794.5
CUST-001496,0,Standard / Mid-Tier,At-Risk,2,3,3,69,16,808.6
CUST-001497,4,Loyal / Premium,Standard,5,2,5,0,8,5247.13
CUST-001498,0,Standard / Mid-Tier,Churned,1,2,3,182,9,866.16
CUST-001499,0,Standard / Mid-Tier,Churned,1,1,1,181,4,301.43
CUST-001500,0,Standard / Mid-Tier,New,4,1,1,25,2,132.5
CUST-001501,0,Standard / Mid-Tier,Budget,4,3,2,35,13,502.68
CUST-001502,0,Standard / Mid-Tier,Premium,4,4,4,33,22,2842.11
CUST-001503,0,Standard / Mid-Tier,Churned,1,3,3,147,11,1503.2
CUST-001504,0,Standard / Mid-Tier,New,4,1,1,24,2,169.21
CUST-001505,2,Standard / Mid-Tier,Loyal,2,4,4,74,30,4560.7
CUST-001506,0,Standard / Mid-Tier,Churned,1,3,3,144,11,1415.16
CUST-001507,0,Standard / Mid-Tier,Churned,1,4,4,138,23,2548.4700000000003
CUST-001508,0,Standard / Mid-Tier,Churned,1,1,1,470,2,190.48
CUST-001509,0,Standard / Mid-Tier,New,4,1,1,25,2,144.62
CUST-001510,0,Standard / Mid-Tier,Budget,3,2,2,42,8,659.39
CUST-001511,0,Standard / Mid-Tier,Loyal,3,4,4,55,28,4837.92
CUST-001512,0,Standard / Mid-Tier,Churned,1,1,1,379,4,253.33
CUST-001513,0,Standard / Mid-Tier,Churned,1,2,2,167,6,538.4300000000001
CUST-001514,4,Loyal / Premium,At-Risk,2,5,5,61,102,46098.0
CUST-001515,4,Loyal / Premium,Champion,5,5,5,7,51,24505.52
CUST-001516,0,Standard / Mid-Tier,At-Risk,2,2,3,75,9,1557.96
CUST-001517,0,Standard / Mid-Tier,Churned,1,4,4,131,22,2264.12
CUST-001518,0,Standard / Mid-Tier,Churned,1,2,2,682,9,764.49
CUST-001519,0,Standard / Mid-Tier,At-Risk,2,5,4,62,38,4601.53
CUST-001520,0,Standard / Mid-Tier,Budget,2,2,2,84,7,523.0
CUST-001521,0,Standard / Mid-Tier,Premium,5,5,4,11,31,4448.83
CUST-001522,0,Standard / Mid-Tier,Churned,1,3,2,450,11,702.22
CUST-001523,0,Standard / Mid-Tier,Churned,1,3,3,117,12,1925.36
CUST-001524,0,Standard / Mid-Tier,Churned,1,4,4,119,21,2780.05
CUST-001525,0,Standard / Mid-Tier,Budget,3,3,2,38,11,654.2
CUST-001526,4,Loyal / Premium,Champion,5,5,4,13,35,4588.67
CUST-001527,4,Loyal / Premium,Champion,5,5,4,3,31,4347.91
CUST-001528,4,Loyal / Premium,Champion,4,5,5,24,45,23091.41
CUST-001529,0,Standard / Mid-Tier,Churned,1,3,3,151,12,1829.6
CUST-001530,0,Standard / Mid-Tier,Churned,1,4,4,105,21,2379.92
CUST-001531,0,Standard / Mid-Tier,Churned,1,1,1,259,1,33.95
CUST-001532,0,Standard / Mid-Tier,Churned,1,2,2,207,5,557.54
CUST-001533,0,Standard / Mid-Tier,Standard,3,3,3,48,12,876.36
CUST-001534,0,Standard / Mid-Tier,New,4,1,1,15,2,218.99
CUST-001535,0,Standard / Mid-Tier,Churned,1,2,2,410,5,431.91
CUST-001536,0,Standard / Mid-Tier,Churned,1,3,3,93,11,1480.1
CUST-001537,0,Standard / Mid-Tier,Loyal,3,4,4,45,23,3492.69
CUST-001538,0,Standard / Mid-Tier,Churned,1,3,3,90,13,922.0
CUST-001539,4,Loyal / Premium,Champion,5,4,5,4,22,13097.49
CUST-001540,0,Standard / Mid-Tier,Churned,1,2,2,199,7,654.34
CUST-001541,0,Standard / Mid-Tier,Standard,3,3,3,60,12,955.84
CUST-001542,0,Standard / Mid-Tier,Champion,4,5,4,33,31,4229.31
CUST-001543,0,Standard / Mid-Tier,New,4,1,1,29,2,345.39
CUST-001544,4,Loyal / Premium,Budget,3,3,2,42,13,734.69
CUST-001545,4,Loyal / Premium,Champion,4,4,4,21,20,2622.28
CUST-001546,4,Loyal / Premium,Champion,5,4,5,11,29,12163.55
CUST-001547,0,Standard / Mid-Tier,New,5,1,2,11,3,423.77
CUST-001548,0,Standard / Mid-Tier,Budget,2,1,1,62,4,275.73
CUST-001549,0,Standard / Mid-Tier,New,5,1,1,3,2,259.78
CUST-001550,0,Standard / Mid-Tier,Budget,3,3,2,55,10,598.62
CUST-001551,0,Standard / Mid-Tier,Churned,1,4,3,143,17,2044.29
CUST-001552,0,Standard / Mid-Tier,New,4,1,1,33,2,123.9
CUST-001553,0,Standard / Mid-Tier,Budget,2,2,2,81,7,394.15
CUST-001554,0,Standard / Mid-Tier,Churned,1,2,2,153,5,445.98
CUST-001555,0,Standard / Mid-Tier,Standard,5,3,3,6,11,2075.46
CUST-001556,4,Loyal / Premium,Standard,3,5,5,46,51,29416.9
CUST-001557,4,Loyal / Premium,Standard,3,5,5,46,36,14145.87
CUST-001558,0,Standard / Mid-Tier,New,5,1,1,14,1,273.38
CUST-001559,0,Standard / Mid-Tier,Budget,5,3,2,14,10,637.65
CUST-001560,0,Standard / Mid-Tier,New,4,1,1,24,3,240.83
CUST-001561,0,Standard / Mid-Tier,Loyal,2,4,4,87,24,3182.2200000000003
CUST-001562,4,Loyal / Premium,Standard,3,5,5,44,70,30933.16
CUST-001563,4,Loyal / Premium,Champion,5,5,5,9,57,29897.3
CUST-001564,0,Standard / Mid-Tier,Champion,4,4,4,18,17,2510.75
CUST-001565,0,Standard / Mid-Tier,Budget,2,2,2,83,5,469.74
CUST-001566,4,Loyal / Premium,Champion,5,5,5,3,35,4997.21
CUST-001567,0,Standard / Mid-Tier,New,5,1,2,0,2,491.61
CUST-001568,0,Standard / Mid-Tier,Churned,1,2,2,111,6,604.68
CUST-001569,0,Standard / Mid-Tier,At-Risk,2,5,5,83,32,5333.89
CUST-001570,0,Standard / Mid-Tier,Budget,2,2,2,87,5,404.47
CUST-001571,0,Standard / Mid-Tier,New,5,1,1,5,3,325.36
CUST-001572,0,Standard / Mid-Tier,At-Risk,2,4,4,87,23,3285.78
CUST-001573,0,Standard / Mid-Tier,Budget,3,1,1,48,2,159.32
CUST-001574,0,Standard / Mid-Tier,Churned,1,4,3,169,17,1956.58
CUST-001575,0,Standard / Mid-Tier,Churned,1,1,1,621,2,256.02
CUST-001576,4,Loyal / Premium,Champion,5,5,5,14,40,19231.18
CUST-001577,0,Standard / Mid-Tier,Churned,1,2,1,394,5,303.35
CUST-001578,0,Standard / Mid-Tier,Budget,5,3,2,3,12,745.08
CUST-001579,0,Standard / Mid-Tier,Loyal,3,4,4,37,18,2421.72
CUST-001580,0,Standard / Mid-Tier,At-Risk,2,3,2,86,11,798.25
CUST-001581,0,Standard / Mid-Tier,Churned,1,2,1,637,6,359.44
CUST-001582,0,Standard / Mid-Tier,At-Risk,2,3,2,80,15,771.49
CUST-001583,0,Standard / Mid-Tier,Premium,4,5,5,35,39,5255.16
CUST-001584,0,Standard / Mid-Tier,Budget,2,2,2,64,6,408.55
CUST-001585,0,Standard / Mid-Tier,Premium,4,5,5,20,34,5406.59
CUST-001586,4,Loyal / Premium,Champion,5,5,5,13,116,50993.92
CUST-001587,4,Loyal / Premium,At-Risk,2,5,5,62,98,45425.83
CUST-001588,4,Loyal / Premium,At-Risk,2,5,5,80,32,14885.65
CUST-001589,0,Standard / Mid-Tier,Standard,3,3,4,39,14,2913.71
CUST-001590,4,Loyal / Premium,Standard,3,5,5,44,96,42607.06
CUST-001591,0,Standard / Mid-Tier,Budget,3,2,1,45,6,356.4
CUST-001592,0,Standard / Mid-Tier,At-Risk,2,4,3,61,16,2090.54
CUST-001593,0,Standard / Mid-Tier,Standard,3,4,4,55,21,3306.67
CUST-001594,0,Standard / Mid-Tier,Churned,1,3,3,108,11,1622.02
CUST-001595,0,Standard / Mid-Tier,Budget,2,2,2,85,7,467.34
CUST-001596,0,Standard / Mid-Tier,New,5,1,1,12,0,91.66
CUST-001597,0,Standard / Mid-Tier,At-Risk,2,4,4,85,22,3177.55
CUST-001598,3,Standard / Mid-Tier,Champion,4,5,4,28,31,4402.78
CUST-001599,4,Loyal / Premium,Champion,5,5,5,6,101,48051.89
CUST-001600,0,Standard / Mid-Tier,Premium,4,4,4,22,29,3970.14
CUST-001601,0,Standard / Mid-Tier,Standard,4,2,3,17,7,1148.51
CUST-001602,0,Standard / Mid-Tier,At-Risk,2,4,4,62,29,4439.92
CUST-001603,4,Loyal / Premium,At-Risk,2,5,5,64,36,16624.07
CUST-001604,4,Loyal / Premium,Champion,4,5,5,31,93,45018.22
CUST-001605,0,Standard / Mid-Tier,Budget,2,1,1,63,2,95.25
CUST-001606,0,Standard / Mid-Tier,Champion,5,4,4,4,16,2483.53
CUST-001607,0,Standard / Mid-Tier,At-Risk,2,4,4,73,17,2509.4
CUST-001608,0,Standard / Mid-Tier,Budget,3,2,2,41,8,370.47
CUST-001609,0,Standard / Mid-Tier,New,5,1,1,6,1,46.47
CUST-001610,4,Loyal / Premium,Champion,4,5,5,15,58,27488.98
CUST-001611,0,Standard / Mid-Tier,New,5,1,1,6,3,344.77
CUST-001612,0,Standard / Mid-Tier,Budget,4,2,1,27,7,331.18
CUST-001613,4,Loyal / Premium,Standard,3,5,5,39,41,20876.39
CUST-001614,0,Standard / Mid-Tier,Churned,1,3,3,148,14,1688.1
CUST-001615,0,Standard / Mid-Tier,Churned,1,3,3,192,12,965.58
CUST-001616,4,Loyal / Premium,At-Risk,2,4,5,75,20,11140.89
CUST-001617,0,Standard / Mid-Tier,Standard,4,3,3,18,11,1725.66
CUST-001618,0,Standard / Mid-Tier,Churned,1,4,4,150,19,2700.64
CUST-001619,0,Standard / Mid-Tier,New,4,1,1,25,1,67.25
CUST-001620,0,Standard / Mid-Tier,Champion,5,5,4,6,34,4801.59
CUST-001621,0,Standard / Mid-Tier,Champion,5,4,4,3,21,3098.2
CUST-001622,0,Standard / Mid-Tier,Standard,3,2,3,45,7,1311.08
CUST-001623,0,Standard / Mid-Tier,New,4,1,1,31,2,141.68
CUST-001624,0,Standard / Mid-Tier,Budget,2,2,2,77,7,369.93
CUST-001625,0,Standard / Mid-Tier,At-Risk,2,4,4,74,22,3262.32
CUST-001626,0,Standard / Mid-Tier,At-Risk,2,3,2,87,14,764.19
CUST-001627,0,Standard / Mid-Tier,Budget,4,2,2,24,5,380.06
CUST-001628,4,Loyal / Premium,At-Risk,2,5,5,79,45,19983.04
CUST-001629,4,Loyal / Premium,Champion,4,4,4,25,24,3202.3
CUST-001630,0,Standard / Mid-Tier,New,5,1,2,9,3,366.09
CUST-001631,0,Standard / Mid-Tier,Churned,1,2,2,139,6,693.86
CUST-001632,0,Standard / Mid-Tier,Budget,2,1,2,72,4,385.38
CUST-001633,0,Standard / Mid-Tier,Budget,3,2,2,37,9,580.66
CUST-001634,4,Loyal / Premium,At-Risk,2,5,5,69,94,45690.23
CUST-001635,0,Standard / Mid-Tier,Premium,5,4,4,7,18,2562.7
CUST-001636,0,Standard / Mid-Tier,Budget,3,1,1,48,3,227.01
CUST-001637,4,Loyal / Premium,Champion,5,4,4,8,22,2961.67
CUST-001638,0,Standard / Mid-Tier,Standard,3,5,4,46,32,4478.83
CUST-001639,0,Standard / Mid-Tier,Loyal,2,5,4,83,35,4901.36
CUST-001640,4,Loyal / Premium,Champion,4,5,5,29,101,50380.4
CUST-001641,3,Standard / Mid-Tier,At-Risk,2,4,4,84,21,3735.04
CUST-001642,0,Standard / Mid-Tier,Standard,3,3,3,57,13,1922.58
CUST-001643,0,Standard / Mid-Tier,Standard,3,5,4,47,32,4937.56
CUST-001644,4,Loyal / Premium,Loyal,3,5,5,52,39,18630.1
CUST-001645,0,Standard / Mid-Tier,Churned,1,3,3,124,11,1390.3
CUST-001646,0,Standard / Mid-Tier,Budget,2,2,2,80,9,736.29
CUST-001647,0,Standard / Mid-Tier,New,5,1,1,13,1,280.9
CUST-001648,0,Standard / Mid-Tier,New,4,1,2,22,4,429.54
CUST-001649,0,Standard / Mid-Tier,At-Risk,2,3,3,66,14,921.19
CUST-001650,4,Loyal / Premium,Standard,3,5,5,39,39,16569.92
CUST-001651,0,Standard / Mid-Tier,New,4,1,1,24,3,216.74
CUST-001652,0,Standard / Mid-Tier,Budget,3,2,2,38,5,377.57
CUST-001653,0,Standard / Mid-Tier,New,5,1,1,2,1,81.54
CUST-001654,0,Standard / Mid-Tier,At-Risk,2,3,3,87,10,1226.45
CUST-001655,4,Loyal / Premium,At-Risk,2,5,5,83,100,48856.12
CUST-001656,0,Standard / Mid-Tier,At-Risk,2,3,3,78,13,2030.71
CUST-001657,0,Standard / Mid-Tier,At-Risk,2,3,3,85,11,1663.18
CUST-001658,0,Standard / Mid-Tier,Budget,2,1,1,88,4,212.64
CUST-001659,0,Standard / Mid-Tier,Budget,3,2,2,61,9,560.08
CUST-001660,4,Loyal / Premium,Champion,4,4,4,35,23,3147.29
CUST-001661,0,Standard / Mid-Tier,Churned,1,2,2,604,5,687.68
CUST-001662,0,Standard / Mid-Tier,Budget,5,3,2,8,12,631.71
CUST-001663,0,Standard / Mid-Tier,At-Risk,2,4,3,83,17,2208.43
CUST-001664,4,Loyal / Premium,Standard,3,5,5,61,59,24989.55
CUST-001665,0,Standard / Mid-Tier,At-Risk,2,2,3,82,9,1513.71
CUST-001666,3,Standard / Mid-Tier,At-Risk,2,5,4,84,35,4681.16
CUST-001667,0,Standard / Mid-Tier,At-Risk,2,4,4,63,19,3059.35
CUST-001668,0,Standard / Mid-Tier,Champion,4,5,5,34,39,5596.22
CUST-001669,0,Standard / Mid-Tier,Champion,4,4,5,29,29,4982.88
CUST-001670,0,Standard / Mid-Tier,At-Risk,2,2,3,80,8,1332.9
CUST-001671,0,Standard / Mid-Tier,Churned,1,3,3,113,10,869.9
CUST-001672,4,Loyal / Premium,Loyal,2,4,5,82,26,11794.25
CUST-001673,0,Standard / Mid-Tier,Budget,5,2,1,12,5,299.69
CUST-001674,0,Standard / Mid-Tier,Standard,4,3,3,26,10,1177.76
CUST-001675,0,Standard / Mid-Tier,Churned,1,2,2,389,8,610.28
CUST-001676,4,Loyal / Premium,Loyal,3,5,5,45,60,26249.07
CUST-001677,0,Standard / Mid-Tier,Champion,4,4,4,22,28,4881.29
CUST-001678,0,Standard / Mid-Tier,Churned,1,1,1,683,2,131.58
CUST-001679,0,Standard / Mid-Tier,Churned,1,3,3,163,11,983.32
CUST-001680,0,Standard / Mid-Tier,Churned,1,3,3,145,12,1497.71
CUST-001681,0,Standard / Mid-Tier,At-Risk,2,5,4,73,37,4655.78
CUST-001682,0,Standard / Mid-Tier,Standard,4,2,3,18,6,1368.58
CUST-001683,0,Standard / Mid-Tier,New,4,1,1,22,0,54.41
CUST-001684,0,Standard / Mid-Tier,Churned,1,2,2,583,7,492.32
CUST-001685,0,Standard / Mid-Tier,Churned,1,2,2,89,9,676.41
CUST-001686,0,Standard / Mid-Tier,Budget,3,3,2,48,14,799.27
CUST-001687,0,Standard / Mid-Tier,Premium,4,4,4,15,28,4399.66
CUST-001688,0,Standard / Mid-Tier,New,5,1,1,12,0,94.46
CUST-001689,0,Standard / Mid-Tier,Standard,4,3,3,29,10,1523.62
CUST-001690,0,Standard / Mid-Tier,Standard,3,2,3,38,9,1541.33
CUST-001691,0,Standard / Mid-Tier,Loyal,2,5,5,76,32,5101.89
CUST-001692,0,Standard / Mid-Tier,Budget,3,1,1,50,2,157.54
CUST-001693,0,Standard / Mid-Tier,At-Risk,2,4,4,79,18,2584.78
CUST-001694,3,Standard / Mid-Tier,Loyal,3,4,5,57,29,11786.14
CUST-001695,0,Standard / Mid-Tier,Budget,5,2,2,14,9,556.66
CUST-001696,0,Standard / Mid-Tier,At-Risk,2,4,4,86,19,2746.27
CUST-001697,0,Standard / Mid-Tier,Budget,5,3,2,6,10,615.21
CUST-001698,0,Standard / Mid-Tier,Standard,3,4,4,49,21,2689.03
CUST-001699,0,Standard / Mid-Tier,At-Risk,2,3,2,70,10,534.16
CUST-001700,0,Standard / Mid-Tier,At-Risk,2,3,3,81,13,812.42
CUST-001701,4,Loyal / Premium,Standard,3,5,5,40,51,23347.77
CUST-001702,0,Standard / Mid-Tier,Loyal,3,5,5,39,33,5119.5
CUST-001703,4,Loyal / Premium,Standard,3,5,5,42,42,19100.92
CUST-001704,4,Loyal / Premium,At-Risk,2,5,5,86,96,46252.1
CUST-001705,0,Standard / Mid-Tier,Churned,1,3,2,549,11,736.21
CUST-001706,0,Standard / Mid-Tier,Loyal,2,4,4,69,29,4524.77
CUST-001707,0,Standard / Mid-Tier,Standard,3,3,3,45,11,1258.73
CUST-001708,0,Standard / Mid-Tier,Standard,3,5,5,54,35,5713.61
CUST-001709,0,Standard / Mid-Tier,New,4,1,2,18,4,418.07
CUST-001710,0,Standard / Mid-Tier,New,5,1,2,1,3,370.15
CUST-001711,0,Standard / Mid-Tier,New,5,1,1,4,2,98.44
CUST-001712,0,Standard / Mid-Tier,Budget,4,3,2,29,15,744.47
CUST-001713,5,Standard / Mid-Tier,Standard,5,2,3,6,8,1407.58
CUST-001714,0,Standard / Mid-Tier,Standard,5,2,3,8,8,1088.39
CUST-001715,0,Standard / Mid-Tier,Budget,4,2,2,17,7,553.84
CUST-001716,0,Standard / Mid-Tier,Churned,1,4,3,156,16,1698.09
CUST-001717,0,Standard / Mid-Tier,Churned,1,1,1,434,4,349.97
CUST-001718,4,Loyal / Premium,Champion,5,5,5,14,61,31172.85
CUST-001719,0,Standard / Mid-Tier,New,5,1,1,4,3,160.01
CUST-001720,0,Standard / Mid-Tier,Churned,1,1,1,492,3,254.4
CUST-001721,0,Standard / Mid-Tier,Standard,3,2,3,46,8,1338.73
CUST-001722,4,Loyal / Premium,Standard,3,5,5,50,55,27689.1
CUST-001723,0,Standard / Mid-Tier,New,5,1,1,8,3,242.38
CUST-001724,0,Standard / Mid-Tier,New,4,1,1,32,1,214.76
CUST-001725,0,Standard / Mid-Tier,Churned,1,4,4,110,22,2428.33
CUST-001726,4,Loyal / Premium,Standard,3,5,5,48,111,44770.61
CUST-001727,0,Standard / Mid-Tier,New,5,1,1,7,1,75.99
CUST-001728,0,Standard / Mid-Tier,Loyal,3,4,4,57,25,4070.88
CUST-001729,0,Standard / Mid-Tier,Loyal,2,4,3,72,16,2113.01
CUST-001730,0,Standard / Mid-Tier,Standard,5,3,3,4,10,1249.93
CUST-001731,0,Standard / Mid-Tier,Churned,1,1,2,169,4,519.76
CUST-001732,0,Standard / Mid-Tier,Budget,5,2,1,10,5,349.46
CUST-001733,0,Standard / Mid-Tier,Budget,2,2,2,65,7,430.84
CUST-001734,4,Loyal / Premium,Champion,5,4,4,7,28,3560.18
CUST-001735,0,Standard / Mid-Tier,Churned,1,2,2,171,5,640.64
CUST-001736,0,Standard / Mid-Tier,At-Risk,2,4,4,81,18,2641.59
CUST-001737,0,Standard / Mid-Tier,Churned,1,4,4,172,20,2524.85
CUST-001738,0,Standard / Mid-Tier,Premium,4,4,4,19,18,2309.95
CUST-001739,0,Standard / Mid-Tier,Champion,5,4,4,12,20,2772.44
CUST-001740,0,Standard / Mid-Tier,Budget,3,2,2,57,6,537.51
CUST-001741,0,Standard / Mid-Tier,At-Risk,2,3,3,85,15,2159.24
CUST-001742,0,Standard / Mid-Tier,New,5,1,1,3,4,224.46
CUST-001743,0,Standard / Mid-Tier,Budget,4,2,1,17,6,358.22
CUST-001744,0,Standard / Mid-Tier,Standard,3,4,4,43,28,4643.3
CUST-001745,0,Standard / Mid-Tier,Churned,1,2,3,120,8,922.69
CUST-001746,0,Standard / Mid-Tier,Champion,5,4,4,6,19,2650.69
CUST-001747,0,Standard / Mid-Tier,New,5,1,1,13,1,196.5
CUST-001748,0,Standard / Mid-Tier,Churned,1,2,3,119,7,829.39
CUST-001749,0,Standard / Mid-Tier,At-Risk,2,3,3,72,11,900.4
CUST-001750,4,Loyal / Premium,At-Risk,2,5,5,65,96,45325.87
CUST-001751,0,Standard / Mid-Tier,Churned,1,2,2,426,5,435.38
CUST-001752,0,Standard / Mid-Tier,Budget,4,2,2,35,8,400.65
CUST-001753,3,Standard / Mid-Tier,Standard,5,3,3,14,14,2025.49
CUST-001754,4,Loyal / Premium,Loyal,3,5,5,44,88,41617.64
CUST-001755,0,Standard / Mid-Tier,New,5,1,2,4,4,374.96
CUST-001756,0,Standard / Mid-Tier,Standard,4,3,3,22,13,820.2
CUST-001757,0,Standard / Mid-Tier,Budget,2,1,1,65,3,238.16
CUST-001758,0,Standard / Mid-Tier,Churned,1,4,4,145,21,2411.68
CUST-001759,0,Standard / Mid-Tier,New,4,1,1,17,0,43.12
CUST-001760,0,Standard / Mid-Tier,Standard,4,3,3,23,13,2162.31
CUST-001761,0,Standard / Mid-Tier,Standard,5,3,4,8,15,3069.97
CUST-001762,0,Standard / Mid-Tier,Loyal,3,4,4,48,29,4195.15
CUST-001763,0,Standard / Mid-Tier,New,5,1,2,14,3,392.77
CUST-001764,4,Loyal / Premium,Champion,5,5,5,9,69,33226.52
CUST-001765,0,Standard / Mid-Tier,Budget,3,2,2,60,7,395.92
CUST-001766,0,Standard / Mid-Tier,New,5,1,1,14,1,137.31
CUST-001767,0,Standard / Mid-Tier,Churned,1,2,2,90,5,556.11
CUST-001768,3,Standard / Mid-Tier,Standard,3,4,4,60,28,4540.74
CUST-001769,0,Standard / Mid-Tier,Churned,1,3,3,108,10,1186.61
CUST-001770,4,Loyal / Premium,Loyal,2,5,5,88,43,21476.88
CUST-001771,0,Standard / Mid-Tier,Churned,1,2,3,129,8,868.41
CUST-001772,4,Loyal / Premium,Loyal,3,5,5,51,70,29616.39
CUST-001773,0,Standard / Mid-Tier,At-Risk,2,3,4,87,14,2292.63
CUST-001774,0,Standard / Mid-Tier,New,4,1,2,25,3,415.1
CUST-001775,4,Loyal / Premium,Loyal,2,4,5,76,26,10733.51
CUST-001776,0,Standard / Mid-Tier,At-Risk,2,4,4,81,18,3261.46
CUST-001777,0,Standard / Mid-Tier,New,5,1,1,9,2,252.86
CUST-001778,0,Standard / Mid-Tier,New,4,1,1,23,1,79.56
CUST-001779,3,Standard / Mid-Tier,Budget,4,2,1,26,5,328.13
CUST-001780,0,Standard / Mid-Tier,New,4,1,1,29,1,228.97
CUST-001781,0,Standard / Mid-Tier,Budget,3,3,2,39,11,679.02
CUST-001782,0,Standard / Mid-Tier,At-Risk,2,4,4,82,23,3049.91
CUST-001783,0,Standard / Mid-Tier,Standard,5,3,3,1,13,2219.04
CUST-001784,0,Standard / Mid-Tier,Standard,5,2,3,11,8,1112.01
CUST-001785,0,Standard / Mid-Tier,Churned,1,3,3,180,14,1301.64
CUST-001786,3,Standard / Mid-Tier,At-Risk,2,4,3,77,16,917.33
CUST-001787,0,Standard / Mid-Tier,At-Risk,2,3,3,79,11,1890.5
CUST-001788,0,Standard / Mid-Tier,Budget,4,2,2,30,8,509.32
CUST-001789,0,Standard / Mid-Tier,Budget,5,2,2,6,6,647.89
CUST-001790,0,Standard / Mid-Tier,Champion,5,5,5,13,37,5537.65
CUST-001791,0,Standard / Mid-Tier,New,4,1,1,17,3,166.86
CUST-001792,0,Standard / Mid-Tier,New,4,1,1,23,4,187.7
CUST-001793,0,Standard / Mid-Tier,New,5,1,1,7,4,181.58
CUST-001794,4,Loyal / Premium,Champion,4,5,5,16,38,21145.78
CUST-001795,0,Standard / Mid-Tier,Churned,1,4,3,108,19,2177.92
CUST-001796,0,Standard / Mid-Tier,Churned,1,1,1,442,3,229.24
CUST-001797,0,Standard / Mid-Tier,Budget,3,3,2,54,11,517.27
CUST-001798,0,Standard / Mid-Tier,New,4,1,1,24,4,244.71
CUST-001799,0,Standard / Mid-Tier,Churned,1,2,2,662,7,645.5
CUST-001800,0,Standard / Mid-Tier,New,5,1,1,10,3,242.57
CUST-001801,0,Standard / Mid-Tier,At-Risk,2,3,4,78,14,2229.32
CUST-001802,0,Standard / Mid-Tier,Budget,3,1,1,44,2,127.49
CUST-001803,0,Standard / Mid-Tier,Budget,3,3,2,61,15,742.65
CUST-001804,0,Standard / Mid-Tier,Standard,5,3,3,13,10,1364.21
CUST-001805,0,Standard / Mid-Tier,New,5,1,1,7,1,149.17
CUST-001806,0,Standard / Mid-Tier,Churned,1,1,1,180,1,134.84
CUST-001807,4,Loyal / Premium,Churned,1,2,2,226,8,686.35
CUST-001808,0,Standard / Mid-Tier,Budget,3,2,2,59,9,584.84
CUST-001809,4,Loyal / Premium,Premium,5,4,5,4,24,10578.32
CUST-001810,0,Standard / Mid-Tier,Churned,1,2,2,311,6,522.87
CUST-001811,0,Standard / Mid-Tier,Churned,1,2,2,145,5,679.47
CUST-001812,4,Loyal / Premium,At-Risk,2,5,5,88,41,18158.03
CUST-001813,0,Standard / Mid-Tier,Churned,1,2,2,333,6,539.75
CUST-001814,0,Standard / Mid-Tier,Churned,1,3,3,165,10,1295.33
CUST-001815,0,Standard / Mid-Tier,Budget,3,2,2,42,9,757.21
CUST-001816,0,Standard / Mid-Tier,At-Risk,2,3,2,88,11,621.39
CUST-001817,0,Standard / Mid-Tier,Champion,5,4,4,1,21,2882.99
CUST-001818,3,Standard / Mid-Tier,Champion,4,5,5,20,84,40334.87
CUST-001819,0,Standard / Mid-Tier,At-Risk,2,5,4,75,31,4401.26
CUST-001820,0,Standard / Mid-Tier,Churned,1,2,3,151,9,924.46
CUST-001821,4,Loyal / Premium,Standard,3,5,5,38,41,20319.96
CUST-001822,0,Standard / Mid-Tier,At-Risk,2,3,4,70,15,2522.77
CUST-001823,0,Standard / Mid-Tier,Champion,4,4,4,15,17,2784.59
CUST-001824,0,Standard / Mid-Tier,Churned,1,2,2,90,7,548.8
CUST-001825,0,Standard / Mid-Tier,Churned,1,4,4,117,17,2412.54
CUST-001826,0,Standard / Mid-Tier,Standard,3,3,3,51,14,1978.69
CUST-001827,0,Standard / Mid-Tier,Standard,4,3,3,19,14,2018.18
CUST-001828,0,Standard / Mid-Tier,New,4,1,2,28,4,446.56
CUST-001829,0,Standard / Mid-Tier,Budget,4,4,2,20,17,786.27
CUST-001830,0,Standard / Mid-Tier,Loyal,2,4,4,75,30,4754.99
CUST-001831,0,Standard / Mid-Tier,At-Risk,2,3,2,71,12,699.77
CUST-001832,4,Loyal / Premium,At-Risk,2,5,5,77,71,32516.0
CUST-001833,0,Standard / Mid-Tier,Loyal,2,4,4,71,17,2634.23
CUST-001834,0,Standard / Mid-Tier,Budget,5,3,2,7,11,535.2
CUST-001835,0,Standard / Mid-Tier,Champion,4,5,4,18,33,4713.28
CUST-001836,0,Standard / Mid-Tier,Churned,1,2,3,102,8,930.08
CUST-001837,0,Standard / Mid-Tier,Champion,4,4,4,16,26,4087.84
CUST-001838,0,Standard / Mid-Tier,Budget,5,2,2,15,8,684.91
CUST-001839,0,Standard / Mid-Tier,Budget,3,2,2,60,9,654.8199999999999
CUST-001840,4,Loyal / Premium,Champion,5,5,5,1,48,27369.11
CUST-001841,0,Standard / Mid-Tier,New,4,1,1,21,3,230.37
CUST-001842,0,Standard / Mid-Tier,Standard,3,4,4,45,17,2506.62
CUST-001843,0,Standard / Mid-Tier,Churned,1,2,1,730,5,351.16
CUST-001844,4,Loyal / Premium,Champion,4,5,5,16,74,34118.46
CUST-001845,0,Standard / Mid-Tier,Champion,5,5,5,13,38,5264.77
CUST-001846,4,Loyal / Premium,Champion,5,4,5,1,28,11770.76
CUST-001847,0,Standard / Mid-Tier,Churned,1,2,2,307,5,510.7
CUST-001848,0,Standard / Mid-Tier,Standard,4,3,3,34,13,908.7
CUST-001849,0,Standard / Mid-Tier,New,4,1,2,27,4,395.69
CUST-001850,4,Loyal / Premium,Champion,4,5,5,27,106,47347.5
CUST-001851,0,Standard / Mid-Tier,Budget,4,2,2,16,4,385.58
CUST-001852,0,Standard / Mid-Tier,Standard,3,5,5,58,37,5398.52
CUST-001853,0,Standard / Mid-Tier,Churned,1,4,3,161,23,2195.0
CUST-001854,0,Standard / Mid-Tier,At-Risk,2,3,4,85,15,2635.57
CUST-001855,0,Standard / Mid-Tier,Loyal,3,4,4,47,19,2859.72
CUST-001856,4,Loyal / Premium,Champion,4,5,5,19,103,46758.03
CUST-001857,0,Standard / Mid-Tier,Budget,5,2,2,1,8,427.28
CUST-001858,0,Standard / Mid-Tier,At-Risk,2,3,2,85,12,795.44
CUST-001859,4,Loyal / Premium,Loyal,2,5,5,74,74,34904.22
CUST-001860,0,Standard / Mid-Tier,New,4,1,1,21,1,123.78
CUST-001861,0,Standard / Mid-Tier,Budget,2,2,1,85,5,319.13
CUST-001862,0,Standard / Mid-Tier,Budget,5,2,1,5,5,358.67
CUST-001863,0,Standard / Mid-Tier,Standard,3,4,4,61,26,4145.92
CUST-001864,0,Standard / Mid-Tier,Premium,4,4,4,30,16,2346.6
CUST-001865,0,Standard / Mid-Tier,Budget,4,3,2,18,14,679.54
CUST-001866,0,Standard / Mid-Tier,Champion,4,5,5,27,38,5063.95
CUST-001867,4,Loyal / Premium,Standard,4,3,3,30,11,1867.83
CUST-001868,0,Standard / Mid-Tier,Champion,4,4,4,34,24,2569.45
CUST-001869,0,Standard / Mid-Tier,Churned,1,2,2,343,7,542.86
CUST-001870,0,Standard / Mid-Tier,Premium,5,4,4,4,17,2358.56
CUST-001871,4,Loyal / Premium,Loyal,3,4,4,60,25,4002.62
CUST-001872,0,Standard / Mid-Tier,Budget,3,3,2,61,12,782.31
CUST-001873,0,Standard / Mid-Tier,Standard,3,2,3,50,8,1159.47
CUST-001874,4,Loyal / Premium,Standard,3,5,5,58,102,44690.04
CUST-001875,4,Loyal / Premium,Standard,3,4,4,46,17,2929.38
CUST-001876,0,Standard / Mid-Tier,Budget,4,2,2,19,4,367.66
CUST-001877,0,Standard / Mid-Tier,Budget,4,2,1,24,4,313.93
CUST-001878,4,Loyal / Premium,At-Risk,2,5,5,64,38,15680.45
CUST-001879,0,Standard / Mid-Tier,At-Risk,2,5,5,78,36,5447.53
CUST-001880,0,Standard / Mid-Tier,At-Risk,2,2,3,88,8,1324.99
CUST-001881,0,Standard / Mid-Tier,Budget,5,2,2,15,5,369.56
CUST-001882,4,Loyal / Premium,At-Risk,2,5,5,81,48,20887.02
CUST-001883,4,Loyal / Premium,Loyal,3,5,5,50,101,50592.28
CUST-001884,0,Standard / Mid-Tier,New,4,1,1,30,2,351.8
CUST-001885,0,Standard / Mid-Tier,At-Risk,2,5,4,67,30,4360.72
CUST-001886,0,Standard / Mid-Tier,New,4,1,1,21,3,348.07
CUST-001887,0,Standard / Mid-Tier,Premium,5,5,5,6,40,5725.82
CUST-001888,4,Loyal / Premium,Champion,4,5,5,34,52,24950.18
CUST-001889,0,Standard / Mid-Tier,Premium,5,4,4,8,28,3525.07
CUST-001890,0,Standard / Mid-Tier,New,4,1,1,17,2,292.24
CUST-001891,0,Standard / Mid-Tier,Churned,1,2,2,123,8,739.67
CUST-001892,0,Standard / Mid-Tier,Churned,1,2,2,154,4,381.9
CUST-001893,0,Standard / Mid-Tier,Standard,3,3,4,55,15,3551.17
CUST-001894,0,Standard / Mid-Tier,New,5,1,1,1,1,92.2
CUST-001895,0,Standard / Mid-Tier,Loyal,2,5,4,87,32,4256.95
CUST-001896,0,Standard / Mid-Tier,At-Risk,2,5,4,78,35,4463.46
CUST-001897,0,Standard / Mid-Tier,Standard,5,3,3,0,11,1049.03
CUST-001898,4,Loyal / Premium,Standard,3,4,5,60,21,10538.26
CUST-001899,4,Loyal / Premium,At-Risk,2,5,5,72,63,31373.18
CUST-001900,5,Standard / Mid-Tier,Standard,5,2,3,5,9,1515.33
CUST-001901,4,Loyal / Premium,Loyal,2,5,5,68,85,38915.99
CUST-001902,0,Standard / Mid-Tier,At-Risk,2,5,5,69,37,5783.47
CUST-001903,0,Standard / Mid-Tier,Budget,5,3,2,2,10,577.8
CUST-001904,0,Standard / Mid-Tier,Loyal,3,5,4,52,30,4949.42
CUST-001905,0,Standard / Mid-Tier,Churned,1,3,3,97,12,1579.55
CUST-001906,0,Standard / Mid-Tier,Churned,1,4,4,156,20,2695.16
CUST-001907,3,Standard / Mid-Tier,Standard,4,4,3,17,17,2066.5
CUST-001908,0,Standard / Mid-Tier,Loyal,3,4,4,46,16,2779.24
CUST-001909,0,Standard / Mid-Tier,Premium,5,4,4,0,19,2981.57
CUST-001910,0,Standard / Mid-Tier,Budget,2,1,1,88,2,347.63
CUST-001911,0,Standard / Mid-Tier,Standard,4,4,3,23,17,2093.57
CUST-001912,0,Standard / Mid-Tier,Churned,1,3,2,89,15,782.13
CUST-001913,0,Standard / Mid-Tier,Standard,3,4,4,51,28,3744.51
CUST-001914,0,Standard / Mid-Tier,Budget,3,3,2,40,11,574.85
CUST-001915,0,Standard / Mid-Tier,At-Risk,2,5,4,75,31,4651.28
CUST-001916,0,Standard / Mid-Tier,Champion,4,5,5,20,39,5699.84
CUST-001917,0,Standard / Mid-Tier,Churned,1,2,2,556,6,376.75
CUST-001918,0,Standard / Mid-Tier,New,5,1,1,7,2,169.14
CUST-001919,4,Loyal / Premium,Loyal,2,5,5,85,45,20204.08
CUST-001920,0,Standard / Mid-Tier,Churned,1,3,3,137,15,1661.76
CUST-001921,0,Standard / Mid-Tier,Budget,3,3,2,45,14,767.45
CUST-001922,0,Standard / Mid-Tier,Standard,5,2,3,0,9,904.61
CUST-001923,0,Standard / Mid-Tier,New,5,1,1,9,2,226.6
CUST-001924,4,Loyal / Premium,Champion,4,5,5,30,39,5387.92
CUST-001925,4,Loyal / Premium,Champion,4,5,5,18,76,38669.35
CUST-001926,0,Standard / Mid-Tier,Standard,3,5,5,48,34,5136.17
CUST-001927,0,Standard / Mid-Tier,Budget,5,3,2,8,12,643.95
CUST-001928,0,Standard / Mid-Tier,Budget,4,2,2,22,9,535.45
CUST-001929,0,Standard / Mid-Tier,Standard,3,3,3,45,13,1786.56
CUST-001930,4,Loyal / Premium,Standard,3,5,5,48,34,17012.329999999998
CUST-001931,0,Standard / Mid-Tier,Churned,1,2,2,143,6,628.86
CUST-001932,0,Standard / Mid-Tier,Churned,1,2,2,272,9,547.8199999999999
CUST-001933,0,Standard / Mid-Tier,Standard,5,3,3,5,15,915.6
CUST-001934,3,Standard / Mid-Tier,At-Risk,2,4,4,88,24,4119.35
CUST-001935,0,Standard / Mid-Tier,Champion,5,5,4,4,35,4500.14
CUST-001936,2,Standard / Mid-Tier,Loyal,2,5,5,68,38,17030.76
CUST-001937,0,Standard / Mid-Tier,Churned,1,2,2,104,4,749.13
CUST-001938,3,Standard / Mid-Tier,Champion,5,5,5,12,30,15018.28
CUST-001939,0,Standard / Mid-Tier,Budget,3,2,1,40,6,344.02
CUST-001940,0,Standard / Mid-Tier,Standard,5,2,3,0,6,812.04
CUST-001941,0,Standard / Mid-Tier,Budget,5,2,2,5,7,433.03
CUST-001942,0,Standard / Mid-Tier,New,4,1,1,23,1,147.56
CUST-001943,0,Standard / Mid-Tier,Churned,1,3,3,164,11,2022.66
CUST-001944,0,Standard / Mid-Tier,Churned,1,5,5,90,38,5264.39
CUST-001945,4,Loyal / Premium,Champion,4,4,5,21,16,8302.88
CUST-001946,4,Loyal / Premium,Loyal,2,5,5,76,46,20747.75
CUST-001947,0,Standard / Mid-Tier,Churned,1,1,2,103,3,717.74
CUST-001948,0,Standard / Mid-Tier,Churned,1,2,2,180,6,734.83
CUST-001949,0,Standard / Mid-Tier,Budget,3,3,2,56,10,609.27
CUST-001950,0,Standard / Mid-Tier,Standard,4,3,3,27,15,854.74
CUST-001951,0,Standard / Mid-Tier,New,5,1,1,3,2,222.08
CUST-001952,0,Standard / Mid-Tier,Standard,3,3,3,58,13,2116.39
CUST-001953,0,Standard / Mid-Tier,Churned,1,3,3,140,13,1795.93
CUST-001954,0,Standard / Mid-Tier,Standard,4,3,4,27,15,2639.09
CUST-001955,0,Standard / Mid-Tier,Standard,3,3,4,36,12,2411.74
CUST-001956,4,Loyal / Premium,Loyal,2,4,3,75,16,912.18
CUST-001957,3,Standard / Mid-Tier,Champion,4,5,5,20,83,43160.27
CUST-001958,0,Standard / Mid-Tier,Standard,4,2,3,28,9,1047.16
CUST-001959,0,Standard / Mid-Tier,Budget,4,2,1,21,4,345.23
CUST-001960,1,High-Value At-Risk,At-Risk,2,5,5,84,84,40847.87
CUST-001961,0,Standard / Mid-Tier,Budget,3,2,2,39,9,604.26
CUST-001962,0,Standard / Mid-Tier,Standard,5,3,3,1,13,2015.68
CUST-001963,0,Standard / Mid-Tier,Loyal,3,4,4,39,20,3770.87
CUST-001964,0,Standard / Mid-Tier,Loyal,3,4,4,38,17,2728.74
CUST-001965,0,Standard / Mid-Tier,At-Risk,2,2,3,79,9,1369.74
CUST-001966,0,Standard / Mid-Tier,New,5,1,1,14,3,227.58
CUST-001967,0,Standard / Mid-Tier,At-Risk,2,5,5,71,36,5259.29
CUST-001968,0,Standard / Mid-Tier,At-Risk,2,3,3,68,14,847.72
CUST-001969,0,Standard / Mid-Tier,Budget,2,1,1,70,2,138.66
CUST-001970,0,Standard / Mid-Tier,New,4,1,1,24,1,53.32
CUST-001971,0,Standard / Mid-Tier,Churned,1,2,2,359,9,552.28
CUST-001972,0,Standard / Mid-Tier,Budget,4,2,1,29,5,355.23
CUST-001973,0,Standard / Mid-Tier,Standard,3,3,3,58,15,1968.18
CUST-001974,4,Loyal / Premium,Champion,4,4,5,16,28,10331.28
CUST-001975,0,Standard / Mid-Tier,Premium,5,4,4,15,28,4300.54
CUST-001976,0,Standard / Mid-Tier,Budget,2,2,2,68,7,432.67
CUST-001977,4,Loyal / Premium,Loyal,2,5,5,76,34,16001.18
CUST-001978,0,Standard / Mid-Tier,Churned,1,2,1,89,4,246.01
CUST-001979,0,Standard / Mid-Tier,Budget,2,2,2,87,9,571.0
CUST-001980,0,Standard / Mid-Tier,Standard,3,3,4,54,15,2523.81
CUST-001981,0,Standard / Mid-Tier,New,4,1,1,30,2,297.06
CUST-001982,4,Loyal / Premium,Loyal,3,5,5,44,45,20860.56
CUST-001983,4,Loyal / Premium,Loyal,3,5,5,57,46,20917.33
CUST-001984,0,Standard / Mid-Tier,New,5,1,1,9,1,60.33
CUST-001985,0,Standard / Mid-Tier,Budget,3,3,2,56,13,660.78
CUST-001986,0,Standard / Mid-Tier,New,5,1,1,9,1,140.85
CUST-001987,0,Standard / Mid-Tier,Loyal,3,5,5,56,38,5649.87
CUST-001988,0,Standard / Mid-Tier,Standard,3,4,4,45,26,3782.14
CUST-001989,0,Standard / Mid-Tier,Churned,1,4,4,105,26,2868.49
CUST-001990,0,Standard / Mid-Tier,Budget,5,2,1,5,4,292.8
CUST-001991,0,Standard / Mid-Tier,New,5,1,1,10,1,229.57
CUST-001992,0,Standard / Mid-Tier,Churned,1,3,3,90,15,2126.26
CUST-001993,3,Standard / Mid-Tier,At-Risk,2,2,3,87,9,821.8
CUST-001994,0,Standard / Mid-Tier,At-Risk,2,5,4,87,30,4769.01
CUST-001995,4,Loyal / Premium,Champion,5,5,5,10,95,48479.35
CUST-001996,0,Standard / Mid-Tier,Churned,1,3,3,130,15,1887.7
CUST-001997,4,Loyal / Premium,Premium,4,5,5,34,91,40112.04
CUST-001998,0,Standard / Mid-Tier,Churned,1,1,1,243,1,113.07
CUST-001999,0,Standard / Mid-Tier,At-Risk,2,4,4,81,16,2435.32
